OverallQual,GrLivArea,2ndFlrSF,BsmtFinSF1,GarageCars,TotRmsAbvGrd,TotalBsmtSF,1stFlrSF,YearBuilt,ExterQual,KitchenQual,BsmtQual,Predicted,Expected,Error abs,Error %
0,0.5555555555555556,0.59309515868294,0.426634382566586,0.1148121899362154,0.5,0.4166666666666666,0.134860883797054,0.3772200771561982,0.074074074074074,1.0,0.6666666666666666,0.5,206379.5,204750,1630.0,0.8
1,0.7777777777777777,0.6044005374297754,0.0,0.1729270021261516,0.5,0.4166666666666666,0.3018003273322422,0.6465728395200268,0.0296296296296296,0.3333333333333333,0.6666666666666666,0.5,280484.6477272727,257000,23485.0,9.1
2,0.4444444444444445,0.4845282917810634,0.0,0.163359319631467,0.25,0.2499999999999999,0.2150572831423895,0.5183364574374987,0.3925925925925926,1.0,1.0,1.0,159430.68181818182,145000,14431.0,10.0
3,0.4444444444444445,0.4171124391040273,0.0,0.0566973777462792,0.5,0.3333333333333333,0.1777414075286416,0.4462166352424042,0.4148148148148148,1.0,1.0,1.0,130897.72727272728,144900,14002.0,9.700000000000001
4,0.6666666666666665,0.589311697179832,0.3404358353510895,0.0877037562012757,0.5,0.2499999999999999,0.1741407528641571,0.4384716823466847,0.1407407407407407,0.3333333333333333,0.6666666666666666,0.5,208157.39772727274,239000,30843.0,12.9
5,0.5555555555555556,0.4702445078729567,0.0,0.1732813607370659,0.5,0.3333333333333333,0.2065466448445172,0.5030560164904583,0.2296296296296296,1.0,1.0,0.5,166941.11363636365,181500,14559.0,8.0
6,0.3333333333333333,0.3159957005313094,0.0,0.1222537207654146,0.25,0.0833333333333333,0.1335515548281506,0.3380444336424633,0.5259259259259259,1.0,1.0,1.0,113004.35227272728,100000,13004.0,13.0
7,1.0,0.8437015408547914,0.8697336561743342,0.245747696669029,0.75,0.6666666666666666,0.3158756137479542,0.6438954767384257,0.0814814814814814,0.3333333333333333,0.6666666666666666,0.0,541892.6818181818,625000,83107.0,13.3
8,0.6666666666666665,0.5041643130744138,0.3302663438256659,0.0,0.25,0.3333333333333333,0.1065466448445171,0.2837832634038673,0.4666666666666667,1.0,1.0,1.0,142431.63636363635,135000,7432.0,5.5
9,0.7777777777777777,0.6288579381759818,0.0,0.2391920623671155,0.75,0.4166666666666666,0.3234042553191489,0.6727367657054679,0.0074074074074074,0.3333333333333333,0.6666666666666666,0.0,357788.01136363635,440000,82212.0,18.7
10,0.6666666666666665,0.5097233604186653,0.0,0.1456413890857548,0.5,0.3333333333333333,0.2268412438625204,0.545289522602185,0.237037037037037,1.0,1.0,1.0,188302.27272727274,82500,105802.0,128.2
11,0.4444444444444445,0.3362155053427145,0.0,0.0637845499645641,0.25,0.2499999999999999,0.1414075286415712,0.3596750838517542,0.2518518518518519,1.0,1.0,1.0,124425.75,128500,4074.0,3.2
12,0.7777777777777777,0.700121816992064,0.5404358353510896,0.0,0.5,0.5833333333333334,0.2108019639934533,0.5145738003672773,0.1111111111111111,0.3333333333333333,0.6666666666666666,0.5,300972.79545454547,260000,40973.0,15.8
13,0.7777777777777777,0.7052076551549962,0.6014527845036319,0.0497873848334514,0.5,0.5833333333333334,0.1682487725040916,0.4871325232104091,0.0666666666666666,0.3333333333333333,0.6666666666666666,0.5,294528.76136363635,267000,27529.0,10.299999999999999
14,0.5555555555555556,0.4791025676511005,0.0,0.2126151665485471,0.5,0.3333333333333333,0.209165302782324,0.5125321511208947,0.1259259259259259,1.0,0.6666666666666666,0.5,179343.125,179200,143.0,0.1
15,0.2222222222222222,0.4018019472209433,0.0,0.0,0.5,0.3333333333333333,0.0,0.4298378473389532,0.4222222222222222,1.0,1.0,0.75,94142.85227272728,87500,6643.0,7.6
16,0.7777777777777777,0.646662647213565,0.497820823244552,0.1397944720056697,0.75,0.5,0.1692307692307692,0.4334592467746496,0.0074074074074074,0.3333333333333333,0.0,0.0,299585.25,339750,40165.0,11.799999999999999
17,0.6666666666666665,0.5304164098203104,0.4029055690072639,0.0981573352232459,0.5,0.4166666666666666,0.1070376432078559,0.2600371319307899,0.0,0.3333333333333333,0.6666666666666666,0.5,181344.57954545456,179665,1680.0,0.8999999999999999
18,0.3333333333333333,0.42801766300538,0.0,0.1651311126860382,0.5,0.2499999999999999,0.1702127659574468,0.4578827757350709,0.3407407407407407,1.0,0.3333333333333333,1.0,138923.2159090909,129000,9923.0,7.7
19,1.0,0.7304017013240949,0.0,0.2271438695960312,0.75,0.5,0.4309328968903437,0.7813657877004276,0.0444444444444444,0.0,0.0,0.0,486923.6590909091,466500,20424.0,4.3999999999999995
20,0.4444444444444445,0.4416489573757123,0.0,0.1842664776754075,0.25,0.2499999999999999,0.1905073649754501,0.472465199411991,0.4296296296296296,1.0,1.0,1.0,144964.44318181818,125000,19964.0,16.0
21,0.3333333333333333,0.3510491349331572,0.0,0.0,0.25,0.1666666666666666,0.1474631751227496,0.3755437361952261,0.4,1.0,1.0,1.0,110862.22727272728,107900,2962.0,2.7
22,0.6666666666666665,0.6549073788558553,0.5883777239709443,0.0085046066619418,0.75,0.5,0.1806873977086743,0.3801359236917196,0.1185185185185185,0.3333333333333333,0.6666666666666666,0.0,260474.2840909091,238000,22474.0,9.4
23,0.3333333333333333,0.369037069385683,0.0,0.1296952515946137,0.25,0.2499999999999999,0.1551554828150572,0.3947867863512178,0.3925925925925926,1.0,1.0,1.0,124727.27272727272,119000,5727.0,4.8
24,0.4444444444444445,0.647002955347983,0.5036319612590799,0.1151665485471297,0.5,0.5833333333333334,0.1702127659574468,0.4298378473389532,0.2814814814814815,1.0,0.3333333333333333,0.5,191531.92045454544,135000,56532.0,41.9
25,0.4444444444444445,0.3482900658501044,0.0,0.0979801559177888,0.25,0.2499999999999999,0.1463175122749591,0.3725921519047035,0.3333333333333333,1.0,1.0,1.0,111788.18181818182,138500,26712.0,19.3
26,0.5555555555555556,0.6034400419212975,0.0,0.2101346562721474,0.5,0.4166666666666666,0.2417348608837971,0.645545325032856,0.3703703703703704,1.0,0.6666666666666666,1.0,216714.75,257500,40785.0,15.8
27,0.8888888888888888,0.6706828159833242,0.3690072639225181,0.2072997873848334,0.75,0.6666666666666666,0.2392798690671031,0.558726437773629,0.037037037037037,0.3333333333333333,0.0,0.0,348700.0681818182,350000,1300.0,0.4
28,0.7777777777777777,0.5842709980637304,0.4,0.0382707299787384,0.5,0.5,0.1499181669394435,0.3817920898060936,0.9407407407407408,0.3333333333333333,0.6666666666666666,1.0,203127.8409090909,168000,35128.0,20.9
29,0.4444444444444445,0.6996824665587154,0.3138014527845036,0.1176470588235294,0.5,0.6666666666666666,0.1561374795417348,0.6302169413115188,0.7851851851851852,1.0,1.0,1.0,160207.88636363635,160000,208.0,0.1
30,0.6666666666666665,0.4845282917810634,0.0,0.1601700921332388,0.5,0.3333333333333333,0.2150572831423895,0.5183364574374987,0.0148148148148148,0.3333333333333333,0.6666666666666666,0.5,219925.19318181818,207500,12425.0,6.0
31,0.0,0.3522250372185227,0.0,0.0620127569099929,0.0,0.1666666666666666,0.1117839607201309,0.3768016875578772,0.6444444444444445,0.6666666666666666,0.3333333333333333,0.25,91222.64772727272,61000,30223.0,49.5
32,0.5555555555555556,0.694664647980658,0.4430992736077482,0.0331325301204819,0.5,0.4166666666666666,0.1671031096563011,0.5595021811675123,0.3111111111111111,1.0,1.0,0.5,205682.85227272726,129000,76683.0,59.4
33,0.3333333333333333,0.4018019472209433,0.0,0.0,0.5,0.3333333333333333,0.0,0.4298378473389532,0.4444444444444445,1.0,1.0,0.75,101042.88636363637,90000,11043.0,12.3
34,0.6666666666666665,0.5208290946149967,0.3525423728813559,0.0,0.5,0.5,0.1191489361702127,0.2948601523252225,0.0,0.3333333333333333,0.6666666666666666,0.5,170445.64772727274,179540,9094.0,5.1
35,0.4444444444444445,0.5585859936468549,0.4067796610169492,0.0873493975903614,0.5,0.4166666666666666,0.1276595744680851,0.3209693560243951,0.2814814814814815,1.0,1.0,1.0,157987.86363636365,152000,5988.0,3.9
36,0.4444444444444445,0.3997551703724062,0.1447941888619854,0.0,0.25,0.2499999999999999,0.1202945990180032,0.2984815517609189,0.4962962962962963,1.0,1.0,1.0,103735.22727272728,109000,5265.0,4.8
37,0.3333333333333333,0.3896919532204155,0.0,0.0,0.5,0.2499999999999999,0.1644844517184943,0.4168828734059566,0.4,1.0,0.3333333333333333,1.0,117288.88636363637,115000,2289.0,2.0
38,0.5555555555555556,0.4345890645743235,0.0,0.0,0.5,0.3333333333333333,0.1867430441898527,0.4649126996165531,0.0074074074074074,0.3333333333333333,1.0,0.5,154854.72727272726,142500,12355.0,8.7
39,0.4444444444444445,0.636648549459101,0.0,0.0,0.5,0.6666666666666666,0.0,0.6810709701724993,0.2222222222222222,1.0,1.0,0.75,165510.07765151517,144000,21510.0,14.899999999999999
40,0.6666666666666665,0.6451271962830258,0.0,0.0753012048192771,0.5,0.5833333333333334,0.0957446808510638,0.690141218150016,0.3555555555555555,1.0,0.6666666666666666,0.5,230721.81818181818,242000,11278.0,4.7
41,0.6666666666666665,0.4524239105046681,0.2905569007263922,0.0,0.5,0.1666666666666666,0.0981996726677577,0.1675278355840519,0.0074074074074074,1.0,0.6666666666666666,0.5,143372.68181818182,151000,7627.0,5.1
42,0.5555555555555556,0.4576907613200047,0.2644067796610169,0.0,0.0,0.4166666666666666,0.1099836333878887,0.2645693220663756,0.2592592592592592,1.0,1.0,1.0,112156.81818181818,91500,20657.0,22.6
43,0.4444444444444445,0.4299076957032857,0.0,0.135896527285613,0.5,0.3333333333333333,0.1842880523731587,0.45990468626061,0.2296296296296296,1.0,0.0,0.5,156028.97727272726,175000,18971.0,10.8
44,0.5555555555555556,0.5208290946149967,0.2910411622276029,0.0551027639971651,0.5,0.4166666666666666,0.1399345335515548,0.3557123947312983,0.237037037037037,1.0,1.0,0.5,154132.95454545456,146000,8133.0,5.6000000000000005
45,0.6666666666666665,0.5183911092350817,0.3472154963680387,0.107016300496102,0.5,0.3333333333333333,0.1193126022913257,0.2953796216629802,0.0888888888888888,1.0,1.0,0.5,177623.86363636365,175000,2624.0,1.5
46,1.0,0.6964437813793287,0.0,0.0099220411055988,0.75,0.5,0.3914893617021276,0.7450384395874519,0.0444444444444444,0.0,0.0,0.0,462687.6477272727,386250,76438.0,19.8
47,0.5555555555555556,0.4594290954246514,0.0,0.1564493267186392,0.5,0.2499999999999999,0.2003273322422258,0.491485954082806,0.074074074074074,1.0,1.0,0.0,168374.35227272726,165000,3374.0,2.0
48,0.6666666666666665,0.5372082490832231,0.0,0.2480510276399716,0.5,0.3333333333333333,0.2495908346972176,0.574692180950747,0.0444444444444444,0.3333333333333333,0.6666666666666666,0.5,236131.0,235000,1131.0,0.5
49,0.6666666666666665,0.2940888112029527,0.0,0.1034727143869596,0.25,0.1666666666666666,0.1183306055646481,0.3146089818834015,0.0666666666666666,1.0,1.0,0.5,134680.49242424243,133000,1680.0,1.3
50,0.4444444444444445,0.4314750455355685,0.2203389830508474,0.0,0.25,0.2499999999999999,0.1106382978723404,0.2668152239291048,0.5037037037037038,1.0,1.0,1.0,108279.93181818182,66500,41780.0,62.8
51,0.4444444444444445,0.4524239105046681,0.0,0.2126151665485471,0.0,0.2499999999999999,0.1963993453355155,0.4839919794342435,0.1629629629629629,1.0,1.0,0.5,145715.75,179000,33284.0,18.6
52,0.6666666666666665,0.5789513447587895,0.3907990314769975,0.0,0.5,0.4166666666666666,0.144026186579378,0.3788890251892454,0.0962962962962963,0.3333333333333333,0.6666666666666666,0.5,196739.61363636365,191000,5740.0,3.0
53,0.5555555555555556,0.5577114560483025,0.2261501210653753,0.0655563430191353,0.25,0.2499999999999999,0.1880523731587561,0.4675567862026604,0.6,1.0,0.6666666666666666,1.0,146499.02272727274,152000,5501.0,3.5999999999999996
54,0.5555555555555556,0.5099739805343169,0.2842615012106537,0.0,0.25,0.3333333333333333,0.1276595744680851,0.3421954809646648,0.5185185185185185,1.0,1.0,1.0,132518.95454545456,132500,19.0,0.0
55,0.6666666666666665,0.5598937595667497,0.4174334140435835,0.0,0.5,0.3333333333333333,0.1250409165302782,0.3131258969553028,0.0518518518518518,0.3333333333333333,0.6666666666666666,0.5,177160.35227272726,175500,1660.0,0.8999999999999999
56,0.6666666666666665,0.5258948176251739,0.2905569007263922,0.0,0.25,0.3333333333333333,0.1409165302782324,0.365326692153098,0.6,1.0,1.0,1.0,149206.45454545456,145000,4206.0,2.9000000000000004
57,0.7777777777777777,0.7428106326012882,0.5704600484261502,0.0526222537207654,0.5,0.6666666666666666,0.139607201309329,0.5806014750454231,0.5555555555555556,0.3333333333333333,0.6666666666666666,0.5,295599.9659090909,315000,19400.0,6.2
58,0.6666666666666665,0.514455043276246,0.3176755447941888,0.0442948263642806,0.5,0.4166666666666666,0.0628477905073649,0.3180470762280185,0.074074074074074,1.0,1.0,0.5,170788.43181818182,180000,9212.0,5.1
59,0.5555555555555556,0.5334771634370821,0.3399515738498789,0.080970942593905,0.5,0.4166666666666666,0.1281505728314239,0.3338473478882306,0.0296296296296296,0.3333333333333333,0.6666666666666666,0.5,178213.63636363635,183200,4986.0,2.7
60,0.5555555555555556,0.30454076790314,0.0,0.068036853295535,0.25,0.1666666666666666,0.1256955810147299,0.3257902282650122,0.5777777777777778,1.0,1.0,0.5,104387.875,91000,13388.0,14.7
61,0.7777777777777777,0.7272980169463326,0.6905569007263923,0.0113394755492558,0.5,0.75,0.1937806873977086,0.4789122608407612,0.0,0.3333333333333333,0.0,0.5,316925.54545454547,303477,13449.0,4.3999999999999995
62,0.4444444444444445,0.5644332388146114,0.0,0.2273210489014883,0.5,0.4166666666666666,0.2340425531914894,0.6038168058086004,0.2148148148148148,1.0,0.6666666666666666,0.5,200893.23863636365,217500,16607.0,7.6
63,0.6666666666666665,0.5395203506372361,0.0,0.0003543586109142,0.5,0.4166666666666666,0.2482815057283142,0.5771656103646157,0.0444444444444444,0.3333333333333333,0.6666666666666666,0.5,216164.125,214000,2164.0,1.0
64,0.5555555555555556,0.5667880148699664,0.4285714285714285,0.0388022678951098,0.5,0.5,0.1265139116202946,0.3175578281273807,0.0962962962962963,1.0,1.0,0.5,184012.32954545456,188000,3988.0,2.1
65,0.5555555555555556,0.5680658619371846,0.3196125907990315,0.0706945428773919,0.5,0.4166666666666666,0.1643207855973813,0.4165061353428521,0.437037037037037,1.0,1.0,1.0,153048.29545454544,159000,5952.0,3.6999999999999997
66,0.7777777777777777,0.6913794803750668,0.5883777239709443,0.0458894401133947,0.0,0.5,0.1119476268412438,0.3907736697067845,1.0074074074074075,1.0,1.0,1.0,215208.02272727274,122000,93208.0,76.4
67,0.4444444444444445,0.3561167186949374,0.0,0.0527994330262225,0.5,0.2499999999999999,0.1423895253682487,0.3809649127485981,0.074074074074074,0.3333333333333333,1.0,0.5,136078.10606060605,148000,11922.0,8.1
68,0.7777777777777777,0.7556756968531548,0.6595641646489104,0.203756201275691,0.75,0.75,0.2399345335515548,0.5597604093270605,0.0074074074074074,0.3333333333333333,0.6666666666666666,0.0,383319.8522727273,424870,41550.0,9.8
69,0.5555555555555556,0.3159957005313094,0.0,0.144578313253012,0.0,0.2499999999999999,0.1335515548281506,0.3380444336424633,0.1259259259259259,1.0,1.0,0.5,127244.31818181818,118500,8744.0,7.3999999999999995
70,0.6666666666666665,0.5046733063686242,0.0,0.0028348688873139,0.5,0.2499999999999999,0.2276595744680851,0.5398870989035722,0.0296296296296296,0.3333333333333333,0.6666666666666666,0.5,204662.02272727274,196000,8662.0,4.3999999999999995
71,0.6666666666666665,0.608406380099213,0.4227602905569007,0.1302267895109851,0.75,0.4166666666666666,0.1623567921440262,0.4119557796796913,0.0592592592592592,0.3333333333333333,0.6666666666666666,0.5,240419.63636363635,235000,5420.0,2.3
72,0.4444444444444445,0.3522250372185227,0.0,0.0,0.25,0.3333333333333333,0.1433715220949263,0.3768016875578772,0.3111111111111111,1.0,1.0,1.0,116903.13636363637,109900,7003.0,6.4
73,0.4444444444444445,0.3362155053427145,0.0,0.0,0.0,0.1666666666666666,0.1414075286415712,0.3596750838517542,0.6444444444444445,1.0,1.0,0.25,88737.84090909091,99900,11162.0,11.200000000000001
74,0.4444444444444445,0.4425595120057255,0.0,0.114280652019844,0.5,0.3333333333333333,0.1497545008183306,0.4734392883748657,0.6444444444444445,1.0,1.0,1.0,126794.65909090909,144000,17205.0,11.899999999999999
75,0.4444444444444445,0.4018019472209433,0.0,0.160524450744153,0.25,0.2499999999999999,0.1702127659574468,0.4298378473389532,0.3185185185185185,1.0,1.0,1.0,133822.72727272726,129500,4323.0,3.3000000000000003
76,0.4444444444444445,0.4719223779518655,0.0,0.034727143869596,0.25,0.2499999999999999,0.2075286415711947,0.5048509606608906,0.237037037037037,1.0,0.6666666666666666,0.5,155993.68181818182,143500,12494.0,8.7
77,0.6666666666666665,0.4992919958982824,0.0,0.0,0.5,0.3333333333333333,0.1783960720130933,0.5341303052283983,0.2444444444444444,1.0,1.0,0.5,176658.49431818182,152000,24658.0,16.2
78,0.3333333333333333,0.4500576790838031,0.2285714285714285,0.0,0.0,0.3333333333333333,0.1178396072013093,0.2906785257655482,0.4222222222222222,1.0,1.0,1.0,97630.11363636363,135000,37370.0,27.700000000000003
79,0.4444444444444445,0.5680658619371846,0.0,0.0,0.0,0.5,0.0,0.6077028967397178,0.3333333333333333,1.0,1.0,0.75,133948.06628787878,100000,33948.0,33.900000000000006
80,0.4444444444444445,0.4184129930632196,0.0,0.1736357193479801,0.5,0.2499999999999999,0.1783960720130933,0.4476079359019302,0.0148148148148148,1.0,1.0,0.0,152823.7840909091,157000,4176.0,2.7
81,0.6666666666666665,0.4645934247848591,0.0,0.1622962437987243,0.5,0.3333333333333333,0.2032733224222586,0.4970106266994882,0.2518518518518519,1.0,1.0,1.0,162521.5909090909,175500,12978.0,7.3999999999999995
82,0.7777777777777777,0.6214407595691909,0.5341404358353511,0.0963855421686747,0.5,0.5,0.1361702127659574,0.3453928849848164,0.0,0.3333333333333333,1.0,0.5,232297.2840909091,263435,31138.0,11.799999999999999
83,0.7777777777777777,0.5104746887261151,0.3423728813559322,0.0,0.5,0.3333333333333333,0.1157119476268412,0.2837832634038673,0.0148148148148148,0.3333333333333333,0.6666666666666666,0.0,191735.4090909091,178000,13735.0,7.7
84,0.4444444444444445,0.2945497236830712,0.0,0.1096739900779589,0.5,0.2499999999999999,0.1256955810147299,0.3151020547259695,0.2740740740740741,1.0,1.0,0.5,126044.88636363637,129500,3455.0,2.7
85,0.7777777777777777,0.6411727169963375,0.0,0.0,0.75,0.4166666666666666,0.334860883797054,0.6859108134053571,0.0074074074074074,0.3333333333333333,0.6666666666666666,0.0,301163.9090909091,372500,71336.0,19.2
86,0.4444444444444445,0.5161824634853116,0.0,0.1750531537916371,0.5,0.3333333333333333,0.1944353518821604,0.5521993123060689,0.3703703703703704,1.0,1.0,1.0,165034.6590909091,168000,2965.0,1.7999999999999998
87,0.3333333333333333,0.3362155053427145,0.0,0.1091424521615875,0.5,0.2499999999999999,0.1414075286415712,0.3596750838517542,0.2666666666666666,1.0,1.0,1.0,114813.06818181818,120500,5687.0,4.7
88,0.3333333333333333,0.3843722999154746,0.0,0.1041814316087881,0.0,0.2499999999999999,0.1620294599018003,0.4111920390508712,0.0962962962962963,1.0,1.0,0.5,127444.31818181818,123600,3844.0,3.1
89,0.4444444444444445,0.3553417999218684,0.0,0.0552799433026222,0.25,0.2499999999999999,0.1492635024549918,0.3801359236917196,0.3111111111111111,1.0,1.0,1.0,118901.70454545454,115000,3902.0,3.4000000000000004
90,0.4444444444444445,0.4292788061537482,0.0,0.0,0.0,0.2499999999999999,0.0,0.4592319156778472,0.3851851851851852,1.0,1.0,0.75,106689.80681818182,93000,13690.0,14.7
91,0.6666666666666665,0.5174111909396508,0.0,0.0,0.5,0.2499999999999999,0.2330605564648118,0.5535137747361101,0.1407407407407407,1.0,1.0,0.5,193207.04545454544,180500,12707.0,7.000000000000001
92,0.6666666666666665,0.5299431652300703,0.0,0.0,0.75,0.4166666666666666,0.2445171849427168,0.5669201728114759,0.0074074074074074,0.3333333333333333,0.6666666666666666,0.5,222559.85227272726,279500,56940.0,20.4
93,0.5555555555555556,0.5701854026006781,0.247457627118644,0.0,0.5,0.5,0.1903436988543371,0.4721399451133834,0.6666666666666667,1.0,1.0,0.5,155410.2840909091,185000,29590.0,16.0
94,0.5555555555555556,0.5275673988897709,0.3593220338983051,0.0,0.0,0.5833333333333334,0.1214402618657937,0.3020686246191388,0.6962962962962963,1.0,1.0,1.0,136442.61363636365,128000,8443.0,6.6000000000000005
95,0.4444444444444445,0.5982078142348839,0.4532687651331719,0.0956768249468462,0.25,0.5,0.1414075286415712,0.3648949369971559,0.3333333333333333,1.0,1.0,1.0,159279.93181818182,169500,10220.0,6.0
96,0.3333333333333333,0.3533970436305358,0.0,0.0510276399716513,0.25,0.2499999999999999,0.1484451718494271,0.3780554712109718,0.3777777777777777,1.0,1.0,1.0,113879.54545454546,109008,4872.0,4.5
97,0.4444444444444445,0.4741472298041538,0.0,0.0,0.25,0.2499999999999999,0.2088379705400982,0.5072310524883448,0.3777777777777777,1.0,1.0,1.0,145735.56818181818,60000,85736.0,142.9
98,0.4444444444444445,0.4311621306293212,0.0,0.1454642097802976,0.5,0.2499999999999999,0.1833060556464812,0.461246649912014,0.6370370370370371,1.0,1.0,1.0,130592.96590909091,120000,10593.0,8.799999999999999
99,0.8888888888888888,0.5454620324638855,0.0,0.2042877391920623,0.5,0.3333333333333333,0.2554828150572831,0.5835218755435285,0.0148148148148148,0.0,0.0,0.0,285151.8977272727,277500,7652.0,2.8000000000000003
100,0.6666666666666665,0.5777122882260084,0.4135593220338983,0.1250885896527285,0.5,0.5,0.1400981996726677,0.3561547482043825,0.037037037037037,0.3333333333333333,0.6666666666666666,0.5,199164.89772727274,208500,9335.0,4.5
101,0.5555555555555556,0.5174111909396508,0.0,0.1077250177179305,0.25,0.4166666666666666,0.2360065466448445,0.5535137747361101,0.362962962962963,1.0,1.0,1.0,157976.13636363635,157900,76.0,0.0
102,0.5555555555555556,0.6065044923005694,0.3685230024213075,0.0,0.5,0.4166666666666666,0.0864157119476268,0.4489941402106261,0.2296296296296296,0.3333333333333333,1.0,1.0,172607.60227272726,187000,14392.0,7.7
103,0.6666666666666665,0.5775053562058079,0.3578692493946731,0.0,0.5,0.4166666666666666,0.1587561374795417,0.4034686413257855,0.0148148148148148,0.3333333333333333,0.6666666666666666,0.5,143091.0340909091,130000,13091.0,10.100000000000001
104,0.4444444444444445,0.3753244850106205,0.0,0.1135719347980156,0.25,0.3333333333333333,0.1355155482815057,0.4015129090498277,0.3037037037037037,1.0,1.0,1.0,128014.20454545454,119900,8114.0,6.800000000000001
105,0.4444444444444445,0.5901115850920289,0.0,0.0,0.5,0.5833333333333334,0.0,0.6312868695139913,0.362962962962963,1.0,1.0,0.75,138523.58712121213,115000,23524.0,20.5
106,0.5555555555555556,0.6318883193851592,0.4338983050847457,0.073706591070163,0.5,0.5,0.1350245499181669,0.450030471355213,0.2592592592592592,1.0,1.0,1.0,194866.36363636365,190000,4866.0,2.6
107,0.4444444444444445,0.3843722999154746,0.0,0.0877037562012757,0.25,0.2499999999999999,0.1620294599018003,0.4111920390508712,0.0962962962962963,1.0,1.0,0.5,133917.04545454544,126000,7917.0,6.3
108,0.4444444444444445,0.492513964487923,0.0,0.080970942593905,0.25,0.3333333333333333,0.1675941080196399,0.5268793338212769,0.362962962962963,1.0,1.0,1.0,140337.5,144000,3662.0,2.5
109,0.6666666666666665,0.6256207498447681,0.4513317191283293,0.0,0.75,0.5833333333333334,0.1679214402618658,0.4247089528175043,0.0222222222222222,0.3333333333333333,0.6666666666666666,0.5,239595.85227272726,250000,10404.0,4.2
110,0.5555555555555556,0.490666700350562,0.0,0.2127923458540042,0.5,0.2499999999999999,0.2024549918166939,0.5249031760506102,0.0592592592592592,1.0,1.0,0.0,176807.20454545456,153500,23307.0,15.2
111,0.7777777777777777,0.5795692493323932,0.0,0.2868532955350815,0.5,0.3333333333333333,0.281342062193126,0.6200089378359883,0.1111111111111111,0.3333333333333333,0.6666666666666666,0.5,297902.0340909091,324000,26098.0,8.1
112,0.7777777777777777,0.6525712836216511,0.0,0.3004961020552799,0.75,0.4166666666666666,0.3451718494271686,0.6981047198183599,0.0962962962962963,0.3333333333333333,0.6666666666666666,0.5,349691.1818181818,350000,309.0,0.1
113,0.5555555555555556,0.4536011171765612,0.0,0.1534372785258682,0.5,0.2499999999999999,0.1970540098199673,0.4852513261975417,0.0814814814814814,1.0,1.0,0.0,165810.7159090909,162000,3811.0,2.4
114,0.6666666666666665,0.680564313059556,0.4760290556900726,0.1068391211906449,0.5,0.4166666666666666,0.2134206219312602,0.515445432276147,0.3925925925925926,0.3333333333333333,1.0,1.0,249436.375,225000,24436.0,10.9
115,0.4444444444444445,0.5982078142348839,0.3777239709443099,0.0,0.5,0.5,0.0589198036006546,0.4269155675425771,0.8148148148148149,1.0,0.6666666666666666,0.5,137030.11363636365,140000,2970.0,2.1
116,0.7777777777777777,0.6779249526771793,0.535593220338983,0.0928419560595322,0.75,0.5833333333333334,0.1885433715220949,0.472465199411991,0.0814814814814814,0.3333333333333333,0.6666666666666666,0.5,283729.5681818182,290000,6270.0,2.1999999999999997
117,0.4444444444444445,0.4657308864672775,0.0,0.0602409638554216,0.25,0.3333333333333333,0.2039279869067103,0.4982274552499293,0.3777777777777777,1.0,0.6666666666666666,1.0,145007.95454545456,154000,8992.0,5.800000000000001
118,0.5555555555555556,0.5541915237383659,0.3312348668280871,0.0,0.5,0.4166666666666666,0.1499181669394435,0.3817920898060936,0.074074074074074,1.0,1.0,0.5,177323.86363636365,169000,8324.0,4.9
119,0.4444444444444445,0.44587830228649,0.0,0.1920623671155209,0.5,0.2499999999999999,0.1924713584288052,0.4769896486454414,0.2592592592592592,1.0,0.6666666666666666,0.5,163033.625,157000,6034.0,3.8
120,0.1111111111111111,0.1282858089668299,0.0,0.0088589652728561,0.25,0.1666666666666666,0.0785597381342062,0.1372370053252054,0.4222222222222222,1.0,1.0,1.0,79364.77272727272,35311,44054.0,124.8
121,0.7777777777777777,0.7164252404438844,0.5825665859564164,0.0099220411055988,0.75,0.5833333333333334,0.2157119476268412,0.5223471436856912,0.0888888888888888,0.3333333333333333,0.6666666666666666,0.5,318856.1931818182,290000,28856.0,10.0
122,0.4444444444444445,0.5663610380185573,0.3409200968523002,0.0,0.25,0.5,0.1080196399345335,0.3343159960634607,0.6888888888888889,1.0,1.0,0.25,137156.25,135000,2156.0,1.6
123,0.5555555555555556,0.4576907613200047,0.1690072639225181,0.0664422395464209,0.5,0.3333333333333333,0.1202945990180032,0.361858779196198,0.4888888888888889,1.0,1.0,1.0,126260.22727272728,131000,4740.0,3.5999999999999996
124,0.6666666666666665,0.5607629253073099,0.0,0.0,0.5,0.3333333333333333,0.2667757774140753,0.5998903946302838,0.0666666666666666,0.3333333333333333,0.6666666666666666,0.5,224902.875,213000,11903.0,5.6000000000000005
125,0.5555555555555556,0.5059425947000653,0.3380145278450363,0.0,0.25,0.4166666666666666,0.1142389525368248,0.2789349406080998,0.6814814814814815,1.0,1.0,1.0,139280.11363636365,153575,14295.0,9.3
126,0.5555555555555556,0.6172107864218366,0.3346246973365617,0.0,0.5,0.4166666666666666,0.078887070376432,0.4905572828115256,0.762962962962963,1.0,1.0,0.25,148439.43181818182,163000,14561.0,8.9
127,0.5555555555555556,0.4872102627658972,0.0,0.1139262934089298,0.5,0.3333333333333333,0.1780687397708674,0.521205564077523,0.3037037037037037,1.0,1.0,1.0,159286.93181818182,160000,713.0,0.4
128,0.7777777777777777,0.5616299607375463,0.0,0.0,0.75,0.4166666666666666,0.2661211129296236,0.6008179278228858,0.0074074074074074,0.3333333333333333,0.6666666666666666,0.5,277347.0909090909,250000,27347.0,10.9
129,0.5555555555555556,0.4197087830778221,0.0,0.0885896527285613,0.5,0.2499999999999999,0.179050736497545,0.4489941402106261,0.4074074074074074,1.0,1.0,1.0,139027.27272727274,155000,15973.0,10.299999999999999
130,0.2222222222222222,0.2761136737686605,0.0,0.0,0.0,0.2499999999999999,0.044189852700491,0.2953796216629802,0.5407407407407407,0.3333333333333333,1.0,1.0,72004.46590909091,52000,20004.0,38.5
131,0.2222222222222222,0.4473766115083726,0.2440677966101695,0.0586463501063075,0.25,0.3333333333333333,0.1062193126022913,0.2684909463120548,0.437037037037037,1.0,1.0,1.0,96993.75,120000,23006.0,19.2
132,0.7777777777777777,0.5777122882260084,0.0,0.2480510276399716,0.75,0.3333333333333333,0.2798690671031096,0.6180224064861997,0.0074074074074074,0.3333333333333333,0.6666666666666666,0.0,323560.61363636365,372402,48841.0,13.100000000000001
133,0.4444444444444445,0.4367526815847795,0.0,0.2034018426647767,0.25,0.3333333333333333,0.1878887070376432,0.467227283915292,0.3703703703703704,1.0,1.0,1.0,149740.54545454544,132500,17241.0,13.0
134,0.4444444444444445,0.4014616390865253,0.0,0.1490077958894401,0.5,0.3333333333333333,0.1700490998363339,0.4294737940611086,0.3333333333333333,1.0,1.0,1.0,138037.5,131500,6538.0,5.0
135,0.7777777777777777,0.6385696862780184,0.4372881355932203,0.1424521615875265,0.5,0.4166666666666666,0.1846153846153846,0.4605762629286678,0.0444444444444444,0.3333333333333333,0.6666666666666666,0.5,259365.52272727274,237000,22366.0,9.4
136,0.5555555555555556,0.3630156426683784,0.0,0.0,0.25,0.1666666666666666,0.1525368248772504,0.3883452120483137,0.4222222222222222,1.0,0.6666666666666666,1.0,117472.15909090909,124000,6528.0,5.3
137,0.4444444444444445,0.3614941337488506,0.0,0.0667965981573352,0.25,0.1666666666666666,0.1518821603927987,0.3867175392030222,0.3777777777777777,1.0,1.0,0.5,117634.70454545454,132000,14365.0,10.9
138,0.4444444444444445,0.3976964820493678,0.0,0.0,0.5,0.2499999999999999,0.164975450081833,0.4254459216056898,0.6148148148148148,1.0,1.0,1.0,115232.27272727272,115000,232.0,0.2
139,0.7777777777777777,0.6009304796257293,0.0,0.2519489723600283,0.75,0.4166666666666666,0.2968903436988543,0.6428606569710138,0.0074074074074074,0.3333333333333333,0.6666666666666666,0.5,309726.4772727273,319000,9274.0,2.9000000000000004
140,0.6666666666666665,0.4151525987535134,0.0,0.1204819277108433,0.0,0.3333333333333333,0.176759410801964,0.4441200462058914,0.0296296296296296,1.0,0.6666666666666666,0.5,159165.9090909091,141000,18166.0,12.9
141,0.6666666666666665,0.4559438428146047,0.0,0.0,0.5,0.3333333333333333,0.1983633387888707,0.4877575165038039,0.0592592592592592,0.3333333333333333,0.6666666666666666,0.5,186288.19318181818,178000,8288.0,4.7
142,0.6666666666666665,0.4735923272928093,0.0,0.1638908575478384,0.5,0.3333333333333333,0.2085106382978723,0.50663743142053,0.0148148148148148,0.3333333333333333,0.6666666666666666,0.5,203100.17045454544,203000,100.0,0.0
143,0.4444444444444445,0.4722012508700888,0.0,0.0662650602409638,0.25,0.3333333333333333,0.2076923076923077,0.5051492920544525,0.3555555555555555,1.0,1.0,1.0,150954.26136363635,155000,4046.0,2.6
144,0.4444444444444445,0.3232897791206324,0.0,0.1107370659107016,0.0,0.2499999999999999,0.1363338788870703,0.345847459637834,0.1777777777777777,1.0,1.0,1.0,120775.0,112000,8775.0,7.8
145,0.5555555555555556,0.5334771634370821,0.0,0.138731396172927,0.5,0.2499999999999999,0.2391162029459902,0.5707007572320046,0.1481481481481481,0.3333333333333333,0.6666666666666666,0.5,202496.29545454544,175000,27496.0,15.7
146,0.7777777777777777,0.7513969148883737,0.6314769975786925,0.1220765414599574,0.75,0.5833333333333334,0.2392798690671031,0.5659056055733989,0.1037037037037037,0.3333333333333333,0.0,0.5,368993.11363636365,403000,34007.0,8.4
147,0.7777777777777777,0.5483958633915815,0.0,0.0042523033309709,0.75,0.4166666666666666,0.2576104746317512,0.5866604157600195,0.0148148148148148,0.3333333333333333,0.6666666666666666,0.5,265375.3409090909,232000,33375.0,14.399999999999999
148,0.5555555555555556,0.3727490685919701,0.0,0.0212615166548547,0.5,0.2499999999999999,0.1764320785597381,0.3987577918657257,0.2296296296296296,1.0,1.0,0.5,132316.47727272726,128000,4316.0,3.4000000000000004
149,0.4444444444444445,0.4021419282931919,0.0,0.1755846917080085,0.25,0.3333333333333333,0.1703764320785597,0.4302015507337282,0.3703703703703704,1.0,1.0,1.0,134284.0909090909,124500,9784.0,7.9
150,0.6666666666666665,0.5577114560483025,0.0,0.0,0.75,0.4166666666666666,0.2644844517184943,0.5966260078183621,0.0074074074074074,0.3333333333333333,0.6666666666666666,0.5,235149.61363636365,232000,3150.0,1.4000000000000001
151,0.7777777777777777,0.5783323589867799,0.0,0.1927710843373494,0.75,0.4166666666666666,0.2803600654664485,0.6186857429454959,0.037037037037037,0.3333333333333333,0.0,0.0,312775.95454545453,274900,37876.0,13.8
152,0.6666666666666665,0.6236277852582219,0.462953995157385,0.0393338058114812,0.5,0.5,0.1621931260229132,0.4115741020344936,0.0444444444444444,0.3333333333333333,0.6666666666666666,0.5,222441.75,254900,32458.0,12.7
153,0.7777777777777777,0.7412505406418655,0.7457627118644068,0.1018781006378455,0.5,0.75,0.1869067103109656,0.4760246671965991,0.237037037037037,0.0,0.6666666666666666,1.0,299966.6477272727,299800,167.0,0.1
154,0.7777777777777777,0.616469947871602,0.4430992736077482,0.0,0.5,0.5833333333333334,0.1582651391162029,0.4123370727629649,0.0592592592592592,0.3333333333333333,0.6666666666666666,0.5,236500.80681818182,202900,33601.0,16.6
155,0.4444444444444445,0.5353476253147869,0.2518159806295399,0.0,0.0,0.4166666666666666,0.1297872340425532,0.4138584149249635,0.6518518518518519,1.0,0.3333333333333333,1.0,120303.97727272728,115000,5304.0,4.6
156,0.5555555555555556,0.5171657866436865,0.2837772397094431,0.0551027639971651,0.5,0.4166666666666666,0.1399345335515548,0.3557123947312983,0.2296296296296296,1.0,1.0,1.0,154198.68181818182,148500,5699.0,3.8
157,0.5555555555555556,0.4823679780232321,0.0,0.1594613749114103,0.5,0.2499999999999999,0.2137479541734861,0.5160254068772274,0.0296296296296296,0.3333333333333333,0.6666666666666666,0.5,191372.30681818182,196000,4628.0,2.4
158,0.5555555555555556,0.4559438428146047,0.0,0.0063784549964564,0.5,0.3333333333333333,0.1983633387888707,0.4877575165038039,0.0074074074074074,1.0,0.6666666666666666,0.5,172662.79545454544,186000,13337.0,7.199999999999999
159,0.5555555555555556,0.5287572764947805,0.0,0.0,0.5,0.4166666666666666,0.2436988543371522,0.5656515381901506,0.3037037037037037,1.0,0.6666666666666666,1.0,174706.81818181818,185750,11043.0,5.8999999999999995
160,0.5555555555555556,0.5712404295635642,0.0,0.2016300496102055,0.5,0.4166666666666666,0.2304418985270049,0.6110989711594481,0.1037037037037037,1.0,0.6666666666666666,0.5,209669.06818181818,193500,16169.0,8.4
161,0.7777777777777777,0.5682783883950311,0.4140435835351089,0.1139262934089298,0.5,0.3333333333333333,0.132569558101473,0.3352515548913328,0.0592592592592592,0.3333333333333333,0.6666666666666666,0.5,211972.07954545456,227000,15028.0,6.6000000000000005
162,0.6666666666666665,0.5154431731881388,0.0,0.0035435861091424,0.5,0.3333333333333333,0.2379705400981996,0.5514084377169999,0.0592592592592592,0.3333333333333333,0.6666666666666666,0.5,191758.32954545456,189000,2758.0,1.5
163,0.4444444444444445,0.4128523101566705,0.0,0.1481218993621545,0.5,0.3333333333333333,0.1756137479541735,0.4416592540032553,0.3111111111111111,1.0,1.0,1.0,142315.3409090909,156000,13685.0,8.799999999999999
164,0.5555555555555556,0.6684489321962213,0.4997578692493947,0.0,0.25,0.5,0.164975450081833,0.4769896486454414,0.9407407407407408,1.0,0.3333333333333333,1.0,173081.81818181818,117500,55582.0,47.3
165,0.8888888888888888,0.622353664020209,0.0,0.2916371367824238,0.75,0.5,0.3158756137479542,0.6657786530806868,0.0074074074074074,0.0,0.0,0.0,371024.8977272727,395192,24167.0,6.1
166,0.5555555555555556,0.4576907613200047,0.0,0.0047838412473423,0.5,0.1666666666666666,0.1993453355155483,0.489626326983771,0.0,0.3333333333333333,0.6666666666666666,0.5,173676.68181818182,208300,34623.0,16.6
167,0.5555555555555556,0.3595829984768128,0.0,0.0962083628632175,0.25,0.2499999999999999,0.151063829787234,0.3846730536623517,0.2222222222222222,1.0,1.0,0.5,128183.32954545454,143000,14817.0,10.4
168,0.6666666666666665,0.5472703445342297,0.0,0.1750531537916371,0.75,0.4166666666666666,0.2268412438625204,0.5854563633502949,0.0148148148148148,0.3333333333333333,0.6666666666666666,0.5,238452.19318181818,175900,62552.0,35.6
169,0.3333333333333333,0.3362155053427145,0.0,0.0765414599574769,0.0,0.2499999999999999,0.1414075286415712,0.3596750838517542,0.2888888888888889,1.0,1.0,1.0,105489.77272727272,115000,9510.0,8.3
170,0.4444444444444445,0.4171124391040273,0.0,0.0914245216158752,0.5,0.3333333333333333,0.1675941080196399,0.4462166352424042,0.2962962962962963,1.0,1.0,1.0,141640.9090909091,159950,18309.0,11.4
171,0.5555555555555556,0.5720821914799541,0.3704600484261501,0.0400425230333097,0.5,0.4166666666666666,0.1502454991816694,0.3826174627682479,0.2296296296296296,1.0,1.0,1.0,167862.5,172500,4638.0,2.7
172,0.5555555555555556,0.5049275286421926,0.0,0.0,0.5,0.2499999999999999,0.227823240589198,0.540159059643365,0.3037037037037037,1.0,1.0,0.25,176407.55681818182,110000,66408.0,60.4
173,0.4444444444444445,0.3645306354697881,0.0,0.0439404677533664,0.25,0.1666666666666666,0.1531914893617021,0.3899659141106006,0.4,1.0,1.0,1.0,118566.47727272728,129000,10434.0,8.1
174,0.7777777777777777,0.5304164098203104,0.0,0.0,0.5,0.4166666666666666,0.2448445171849427,0.567426438242344,0.0,0.3333333333333333,0.6666666666666666,0.5,247643.51136363635,225000,22644.0,10.100000000000001
175,0.6666666666666665,0.5246952563589131,0.324455205811138,0.0,0.5,0.4166666666666666,0.0628477905073649,0.3314953617398268,0.1185185185185185,0.3333333333333333,0.6666666666666666,0.5,172060.97727272726,160000,12061.0,7.5
176,0.6666666666666665,0.6005428080489081,0.0,0.2159815733522324,0.5,0.2499999999999999,0.2689034369885434,0.642445935446621,0.2666666666666666,1.0,0.6666666666666666,0.5,263655.4318181818,302000,38345.0,12.7
177,0.4444444444444445,0.4072028197383739,0.0,0.13731396172927,0.25,0.3333333333333333,0.1728314238952537,0.4356155680112925,0.3111111111111111,1.0,1.0,1.0,138652.8409090909,142000,3347.0,2.4
178,0.5555555555555556,0.4267520077073365,0.0,0.0,0.5,0.2499999999999999,0.1826513911620294,0.4565288088054759,0.3555555555555555,1.0,1.0,1.0,138916.81818181818,160000,21083.0,13.200000000000001
179,0.4444444444444445,0.4611589290840676,0.2653753026634383,0.0,0.5,0.2499999999999999,0.072013093289689,0.270159281210113,0.7333333333333334,1.0,1.0,1.0,114173.59090909091,110000,4174.0,3.8
180,0.7777777777777777,0.6317107784637686,0.4547215496368039,0.0,0.5,0.5833333333333334,0.1723404255319149,0.4345389432363853,0.037037037037037,0.3333333333333333,0.6666666666666666,0.0,268590.1022727273,250000,18590.0,7.3999999999999995
181,0.8888888888888888,0.5862959050147616,0.0,0.0807937632884479,0.5,0.3333333333333333,0.2867430441898527,0.6272049487520572,0.037037037037037,0.0,0.0,0.0,291280.0568181818,319900,28620.0,8.9
182,0.4444444444444445,0.4144968983276968,0.0,0.130049610205528,0.5,0.3333333333333333,0.1764320785597381,0.4434185940066628,0.2888888888888889,1.0,1.0,1.0,144753.97727272726,149900,5146.0,3.4000000000000004
183,0.5555555555555556,0.4953974580842066,0.2818401937046005,0.0,0.0,0.4166666666666666,0.1119476268412438,0.3175578281273807,0.6888888888888889,1.0,0.6666666666666666,1.0,123127.84090909091,127000,3872.0,3.0
184,0.5555555555555556,0.6045923239774091,0.3825665859564164,0.0,0.5,0.5,0.1726677577741407,0.4352570333059953,0.1333333333333333,0.3333333333333333,0.6666666666666666,0.5,210045.60227272726,189000,21046.0,11.1
185,0.6666666666666665,0.5808018299468123,0.3317191283292978,0.0558114812189936,0.5,0.3333333333333333,0.088216039279869,0.4298378473389532,0.2074074074074074,1.0,1.0,1.0,168475.38636363635,197000,28525.0,14.499999999999998
186,0.4444444444444445,0.3198759984329311,0.0,0.031892274982282,0.5,0.1666666666666666,0.1350245499181669,0.3421954809646648,0.3925925925925926,1.0,1.0,1.0,115563.06818181818,125000,9437.0,7.5
187,0.5555555555555556,0.6714772252065706,0.4498789346246973,0.0,0.0,0.5,0.1235679214402618,0.3871251142054066,0.7185185185185186,1.0,1.0,1.0,156648.32954545456,104000,52648.0,50.6
188,0.4444444444444445,0.5663610380185573,0.0,0.0,0.5,0.5,0.2710310965630115,0.6058791180140468,0.2592592592592592,1.0,1.0,1.0,144113.1666666667,135000,9113.0,6.800000000000001
189,0.4444444444444445,0.5275673988897709,0.0,0.1768249468462083,0.5,0.4166666666666666,0.2428805237315875,0.5643786363740402,0.2666666666666666,1.0,1.0,0.5,179158.52272727274,175000,4159.0,2.4
190,0.5555555555555556,0.3727490685919701,0.0,0.1697377746279234,0.5,0.2499999999999999,0.1567921440261866,0.3987577918657257,0.2444444444444444,1.0,1.0,0.5,145233.86363636365,143750,1484.0,1.0
191,0.6666666666666665,0.492513964487923,0.0,0.2319277108433735,1.0,0.5,0.2199672667757774,0.5268793338212769,0.0814814814814814,1.0,1.0,0.5,208162.4659090909,206300,1862.0,0.8999999999999999
192,0.5555555555555556,0.5023770469491557,0.0,0.1190644932671863,0.5,0.3333333333333333,0.2229132569558101,0.5374306170158594,0.3481481481481481,1.0,1.0,1.0,166182.95454545456,176000,9817.0,5.6000000000000005
193,0.5555555555555556,0.617395753891905,0.3588377723970944,0.0,0.5,0.5833333333333334,0.1466448445171849,0.475057218813375,0.6,1.0,1.0,1.0,167289.77272727274,177000,9710.0,5.5
194,0.3333333333333333,0.5242142905765341,0.2290556900726392,0.0,0.25,0.4166666666666666,0.1540098199672668,0.4138584149249635,0.4,1.0,1.0,1.0,123711.81818181818,135000,11288.0,8.4
195,0.5555555555555556,0.5579302932210384,0.0,0.0292345854004252,0.5,0.2499999999999999,0.2625204582651391,0.596860114447006,0.1111111111111111,0.3333333333333333,0.6666666666666666,0.5,203691.67045454544,193000,10692.0,5.5
196,0.6666666666666665,0.5739688641037866,0.4096852300242131,0.0,0.5,0.3333333333333333,0.1384615384615384,0.3517077716141092,0.0,1.0,0.6666666666666666,0.0,205478.1590909091,224500,19022.0,8.5
197,0.5555555555555556,0.76113721314195,0.6440677966101694,0.1587526576895818,0.5,0.75,0.2176759410801964,0.578887442046033,0.2296296296296296,1.0,1.0,0.5,234366.43181818182,272000,37634.0,13.8
198,0.3333333333333333,0.3482900658501044,0.0,0.0978029766123316,0.5,0.2499999999999999,0.1463175122749591,0.3725921519047035,0.3925925925925926,1.0,1.0,1.0,120606.04545454546,110000,10606.0,9.6
199,0.7777777777777777,0.5596761340425402,0.0,0.2787030474840539,0.5,0.2499999999999999,0.2574468085106383,0.5987277720472273,0.0074074074074074,0.3333333333333333,0.6666666666666666,0.5,296780.375,235000,61780.0,26.3
200,0.5555555555555556,0.4151525987535134,0.0,0.1009922041105599,0.25,0.2499999999999999,0.176759410801964,0.4441200462058914,0.3703703703703704,1.0,1.0,1.0,140185.22727272726,136000,4185.0,3.1
201,0.6666666666666665,0.6493759895934068,0.5723970944309927,0.0,0.5,0.5,0.1492635024549918,0.3801359236917196,0.0444444444444444,0.3333333333333333,0.6666666666666666,0.5,223861.63636363635,263000,39138.0,14.899999999999999
202,0.5555555555555556,0.3889872711578159,0.0,0.1451098511693834,0.5,0.3333333333333333,0.1641571194762684,0.4161290218556068,0.1629629629629629,1.0,1.0,1.0,150011.93181818182,142500,7512.0,5.3
203,0.7777777777777777,0.76113721314195,0.3598062953995157,0.1240255138199858,0.5,0.5833333333333334,0.2754500818330606,0.7009594875524172,0.1111111111111111,0.3333333333333333,0.6666666666666666,0.5,353696.51136363635,285000,68697.0,24.099999999999998
204,0.6666666666666665,0.5637882973808255,0.0,0.2689581856839121,0.5,0.2499999999999999,0.2484451718494272,0.6031268633146039,0.1481481481481481,0.3333333333333333,0.6666666666666666,0.5,242901.73863636365,275000,32098.0,11.700000000000001
205,0.5555555555555556,0.5980125339216467,0.0,0.0524450744153082,0.5,0.3333333333333333,0.1756137479541735,0.6397391103763055,0.3703703703703704,1.0,0.0,1.0,193461.02272727274,230000,36539.0,15.9
206,0.3333333333333333,0.4018019472209433,0.0,0.0,0.5,0.1666666666666666,0.0,0.4298378473389532,0.4148148148148148,1.0,1.0,0.75,101692.45454545454,109900,8208.0,7.5
207,0.4444444444444445,0.4668647024329235,0.2731234866828087,0.0,0.25,0.4166666666666666,0.1122749590834697,0.2723723480617463,0.6518518518518519,1.0,0.3333333333333333,1.0,116599.81818181818,116000,600.0,0.5
208,0.3333333333333333,0.224482436537984,0.0,0.0901842664776754,0.25,0.0833333333333333,0.1031096563011456,0.2401457931059543,0.2888888888888889,1.0,1.0,0.5,85432.76136363637,80000,5433.0,6.800000000000001
209,0.6666666666666665,0.5952672297341746,0.4154963680387409,0.0,0.5,0.5,0.1536824877250409,0.3911769018740076,0.0074074074074074,0.3333333333333333,0.6666666666666666,0.5,212793.60227272726,213500,706.0,0.3
210,0.4444444444444445,0.4085402514957175,0.0,0.033309709425939,0.25,0.3333333333333333,0.1734860883797054,0.4370463196328695,0.3111111111111111,1.0,0.6666666666666666,1.0,134253.18181818182,154000,19747.0,12.8
211,0.4444444444444445,0.4144968983276968,0.0,0.008681785967399,0.25,0.2499999999999999,0.1764320785597381,0.4434185940066628,0.4444444444444445,1.0,0.6666666666666666,1.0,124964.31818181818,142125,17161.0,12.1
212,0.6666666666666665,0.5805966978573034,0.4087167070217917,0.0,0.5,0.5,0.144026186579378,0.3666190099250861,0.074074074074074,1.0,0.6666666666666666,0.5,194081.9659090909,188000,6082.0,3.2
213,0.5555555555555556,0.5213146818957002,0.2644067796610169,0.0,0.25,0.3333333333333333,0.1492635024549918,0.3801359236917196,0.4592592592592592,1.0,1.0,1.0,134859.6590909091,97500,37360.0,38.3
214,0.7777777777777777,0.490666700350562,0.0,0.1298724309000709,0.5,0.2499999999999999,0.2188216039279869,0.5249031760506102,0.1111111111111111,0.3333333333333333,0.6666666666666666,0.5,218635.42045454544,180000,38635.0,21.5
215,0.5555555555555556,0.4987751948152099,0.3312348668280871,0.0,0.25,0.4166666666666666,0.1119476268412438,0.2712674323771615,0.7111111111111111,1.0,1.0,1.0,129714.77272727272,114504,15211.0,13.3
216,0.6666666666666665,0.5718719387079725,0.0,0.0,0.5,0.4166666666666666,0.2134206219312602,0.6117745441204177,0.2814814814814815,1.0,1.0,1.0,174661.56818181818,174000,662.0,0.4
217,0.6666666666666665,0.5104746887261151,0.0,0.0,0.5,0.3333333333333333,0.2250409165302782,0.5460932751587682,0.0148148148148148,0.3333333333333333,0.6666666666666666,0.5,204252.64772727274,178740,25513.0,14.299999999999999
218,0.5555555555555556,0.5026329241960776,0.0,0.1001063075832742,0.25,0.4166666666666666,0.2263502454991816,0.5377043482054682,0.3407407407407407,1.0,1.0,1.0,157584.0909090909,145250,12334.0,8.5
219,0.6666666666666665,0.6390918270052062,0.4731234866828087,0.1309355067328136,0.5,0.5,0.1729950900163666,0.4359737633557197,0.0888888888888888,1.0,0.6666666666666666,0.5,230288.79545454544,219500,10789.0,4.9
220,0.8888888888888888,0.6722698544390284,0.0,0.3373493975903615,0.75,0.5833333333333334,0.3626841243862521,0.7191777667121304,0.0074074074074074,0.0,0.0,0.0,448343.9659090909,501837,53493.0,10.7
221,0.5555555555555556,0.4273854013921245,0.185956416464891,0.0,0.5,0.3333333333333333,0.1060556464811784,0.2979663258772023,0.6370370370370371,1.0,1.0,0.25,109950.0,116000,6050.0,5.2
222,0.5555555555555556,0.4568183804131567,0.0,0.1036498936924167,0.25,0.3333333333333333,0.1988543371522095,0.4886930753316756,0.3777777777777777,1.0,1.0,1.0,144901.98863636365,155000,10098.0,6.5
223,0.3333333333333333,0.5907103163127223,0.3288135593220339,0.0,0.75,0.5,0.1792144026186579,0.4493398993512927,0.7851851851851852,1.0,1.0,1.0,138551.13636363635,87000,51551.0,59.3
224,0.6666666666666665,0.5814165134697542,0.4184019370460048,0.0,0.5,0.4166666666666666,0.1414075286415712,0.3596750838517542,0.037037037037037,0.3333333333333333,0.6666666666666666,0.5,203818.875,190000,13819.0,7.3
225,0.6666666666666665,0.5261342425266626,0.0,0.1024096385542168,0.5,0.4166666666666666,0.2405891980360065,0.5628454809220087,0.0074074074074074,0.0,0.6666666666666666,0.0,223695.47727272726,222000,1695.0,0.8
226,0.5555555555555556,0.5871026334794323,0.4203389830508474,0.131467044649185,0.5,0.4166666666666666,0.1427168576104746,0.3700437695262031,0.0814814814814814,0.3333333333333333,1.0,0.0,212234.54545454544,204000,8235.0,4.0
227,0.5555555555555556,0.5731315849473613,0.5191283292978208,0.0818568391211906,0.5,0.5,0.1008183306055646,0.2316413149113554,0.0814814814814814,1.0,0.6666666666666666,0.5,180511.2159090909,200000,19489.0,9.700000000000001
228,0.7777777777777777,0.5958573053980101,0.0,0.2257264351523742,0.75,0.4166666666666666,0.2945990180032733,0.6374334998745868,0.0296296296296296,0.3333333333333333,0.6666666666666666,0.0,297158.75,312500,15341.0,4.9
229,0.5555555555555556,0.3997551703724062,0.0,0.095499645641389,0.75,0.3333333333333333,0.1656301145662848,0.4276482557736476,0.2518518518518519,1.0,1.0,1.0,143921.02272727274,169900,25979.0,15.299999999999999
230,0.7777777777777777,0.722384739652131,0.5288135593220339,0.0,0.75,0.6666666666666666,0.2425531914893617,0.5638682743909094,0.0,0.3333333333333333,0.0,0.0,353622.07954545453,276000,77622.0,28.1
231,0.4444444444444445,0.5109746892029188,0.0,0.0,0.5,0.4166666666666666,0.1335515548281506,0.5466281633794559,0.6592592592592593,1.0,0.6666666666666666,1.0,138611.54545454544,112000,26612.0,23.799999999999997
232,0.6666666666666665,0.5674275153968455,0.0,0.0,0.5,0.3333333333333333,0.2698854337152209,0.6070200093006362,0.0888888888888888,1.0,0.6666666666666666,0.5,210179.31818181818,224900,14721.0,6.5
233,0.4444444444444445,0.49461337883056,0.0,0.0531537916371367,0.25,0.3333333333333333,0.1738134206219312,0.5291252356840062,0.3555555555555555,1.0,0.6666666666666666,1.0,148128.4090909091,130000,18128.0,13.900000000000002
234,0.4444444444444445,0.4605832572264376,0.0,0.0,0.25,0.3333333333333333,0.2009819967266776,0.4927206480104784,0.3111111111111111,1.0,0.6666666666666666,1.0,142801.42045454544,149350,6549.0,4.3999999999999995
235,0.6666666666666665,0.6301088876731247,0.4736077481840193,0.1229624379872431,0.5,0.5833333333333334,0.1600654664484452,0.4168828734059566,0.074074074074074,0.3333333333333333,0.6666666666666666,0.5,226608.55681818182,225000,1609.0,0.7000000000000001
236,0.6666666666666665,0.6411727169963375,0.5036319612590799,0.1534372785258682,0.75,0.5,0.1633387888707037,0.4172592367916619,0.037037037037037,0.3333333333333333,0.6666666666666666,0.5,251056.57954545456,284000,32943.0,11.600000000000001
237,0.5555555555555556,0.5263735054904308,0.3651331719128329,0.0944365698086463,0.5,0.3333333333333333,0.1186579378068739,0.2932974521563944,0.2518518518518519,0.3333333333333333,0.6666666666666666,1.0,170940.9090909091,130500,40441.0,31.0
238,0.3333333333333333,0.492513964487923,0.2644067796610169,0.0,0.0,0.3333333333333333,0.0893617021276595,0.3296031910321262,0.2888888888888889,1.0,1.0,1.0,103725.56818181818,97000,6726.0,6.9
239,0.6666666666666665,0.6258013729165737,0.538498789346247,0.0,0.5,0.5,0.1386252045826514,0.3521548281966784,0.0222222222222222,0.3333333333333333,0.6666666666666666,0.5,212993.85227272726,215000,2006.0,0.8999999999999999
240,0.4444444444444445,0.5756375005866046,0.0,0.1803685329553508,0.5,0.3333333333333333,0.2288052373158756,0.6158028496652954,0.3777777777777777,1.0,0.6666666666666666,1.0,193752.27272727274,165500,28252.0,17.1
241,0.5555555555555556,0.5443271252394233,0.3520581113801452,0.0527994330262225,0.5,0.5,0.1189852700490998,0.344025875600217,0.3037037037037037,1.0,1.0,1.0,166413.4090909091,154000,12413.0,8.1
242,0.5555555555555556,0.3990702712650509,0.0,0.1071934798015591,0.5,0.3333333333333333,0.1689034369885433,0.4269155675425771,0.2148148148148148,1.0,1.0,0.5,149238.06818181818,148000,1238.0,0.8
243,0.3333333333333333,0.3337503366317498,0.0,0.1087880935506732,0.0,0.2499999999999999,0.1404255319148936,0.3570379069555809,0.2592592592592592,1.0,1.0,1.0,109226.125,88000,21226.0,24.099999999999998
244,0.4444444444444445,0.4594290954246514,0.0,0.1924167257264351,0.5,0.3333333333333333,0.1777414075286416,0.491485954082806,0.2222222222222222,1.0,1.0,0.5,149487.70454545456,153337,3849.0,2.5
245,0.6666666666666665,0.5327731825511273,0.0,0.0028348688873139,0.5,0.3333333333333333,0.2229132569558101,0.5699476557831953,0.0074074074074074,0.3333333333333333,0.6666666666666666,0.5,206340.13636363635,213490,7150.0,3.3000000000000003
246,0.4444444444444445,0.3435095839320374,0.0,0.0,0.25,0.1666666666666666,0.0,0.3674781098471249,0.3851851851851852,1.0,1.0,0.75,101379.92045454546,97000,4380.0,4.5
247,0.4444444444444445,0.3435095839320374,0.0,0.0244507441530829,0.5,0.2499999999999999,0.1443535188216039,0.3674781098471249,0.2592592592592592,1.0,1.0,1.0,123753.97727272728,112500,11254.0,10.0
248,0.4444444444444445,0.4058603123265274,0.0,0.1800141743444366,0.25,0.2499999999999999,0.172176759410802,0.4341793865792809,0.2814814814814815,1.0,1.0,1.0,135867.04545454544,138500,2633.0,1.9
249,0.4444444444444445,0.407537652019355,0.0,0.1295180722891566,0.25,0.2499999999999999,0.1729950900163666,0.4359737633557197,0.4222222222222222,1.0,0.6666666666666666,1.0,134659.6590909091,109000,25660.0,23.5
250,0.6666666666666665,0.6028624903179929,0.0,0.0042523033309709,0.5,0.5,0.3044189852700491,0.6449274745231492,0.0148148148148148,0.3333333333333333,0.6666666666666666,0.5,246252.75,216837,29416.0,13.600000000000001
251,0.4444444444444445,0.5049275286421926,0.0,0.2306874557051736,0.5,0.2499999999999999,0.227823240589198,0.540159059643365,0.3925925925925926,1.0,1.0,0.5,180079.75,121500,58580.0,48.199999999999996
252,0.5555555555555556,0.6104867138481667,0.4518159806295399,0.0783132530120482,0.5,0.5,0.1474631751227496,0.3927855476677186,0.2518518518518519,0.3333333333333333,0.6666666666666666,1.0,194493.89772727274,185000,9494.0,5.1
253,0.6666666666666665,0.6520686783581597,0.4300242130750605,0.1231396172927002,0.5,0.5,0.1551554828150572,0.4908670931875147,0.1185185185185185,0.3333333333333333,0.6666666666666666,0.5,234691.51136363635,205000,29692.0,14.499999999999998
254,0.7777777777777777,0.4177633137650076,0.0,0.0,0.5,0.2499999999999999,0.1757774140752864,0.4469129249570214,0.1555555555555555,0.3333333333333333,0.6666666666666666,0.5,184570.29545454544,170000,14570.0,8.6
255,0.3333333333333333,0.4379831185764127,0.0,0.0,0.0,0.3333333333333333,0.0,0.4685435751663127,0.3925925925925926,1.0,0.3333333333333333,0.75,108015.94318181818,82000,26016.0,31.7
256,0.3333333333333333,0.6716358931968718,0.3849878934624697,0.0,0.25,0.6666666666666666,0.130114566284779,0.3971743864045174,0.6962962962962963,0.3333333333333333,1.0,1.0,158746.77272727274,118500,40247.0,34.0
257,0.4444444444444445,0.5911089082179308,0.0,0.0,0.75,0.5833333333333334,0.2592471358428805,0.6323537812811044,0.3777777777777777,1.0,1.0,1.0,155862.67045454544,110000,45863.0,41.699999999999996
258,0.6666666666666665,0.6034400419212975,0.311864406779661,0.0,0.5,0.4166666666666666,0.1955810147299509,0.4824118796307939,0.0888888888888888,0.3333333333333333,1.0,0.5,215951.2159090909,221000,5049.0,2.3
259,0.6666666666666665,0.5434165706094105,0.0,0.0042523033309709,0.75,0.4166666666666666,0.2540098199672668,0.5813336907265496,0.0074074074074074,0.3333333333333333,0.6666666666666666,0.5,222071.5,212900,9172.0,4.3
260,0.3333333333333333,0.1566009390939036,0.0,0.0,0.25,0.1666666666666666,0.0851063829787234,0.1675278355840519,0.6,1.0,0.3333333333333333,1.0,78128.97727272728,68500,9629.0,14.099999999999998
261,0.6666666666666665,0.5397507318101109,0.0,0.1435152374202693,0.5,0.4166666666666666,0.2513911620294599,0.5774120664808708,0.0444444444444444,0.3333333333333333,0.6666666666666666,0.5,226181.85227272726,214000,12182.0,5.7
262,0.5555555555555556,0.329603158084919,0.0,0.1234939759036144,0.5,0.0833333333333333,0.1387888707037643,0.3526013572787323,0.0296296296296296,0.3333333333333333,0.6666666666666666,0.5,142815.82954545456,141000,1816.0,1.3
263,0.7777777777777777,0.7275689861502719,0.6469733656174335,0.1513111268603827,0.75,0.5,0.2004909983633388,0.5072310524883448,0.0814814814814814,0.3333333333333333,0.6666666666666666,0.5,321459.2727272727,336000,14541.0,4.3
264,0.7777777777777777,0.5911089082179308,0.0,0.0141743444365698,0.75,0.4166666666666666,0.2834697217675941,0.6323537812811044,0.0074074074074074,0.3333333333333333,0.6666666666666666,0.0,278247.5,283463,5216.0,1.7999999999999998
265,0.6666666666666665,0.5289947724946016,0.3399515738498789,0.1282778171509567,0.5,0.5,0.1289689034369885,0.3248309543593866,0.0296296296296296,0.3333333333333333,0.6666666666666666,0.5,186696.54545454544,184000,2697.0,1.5
266,0.2222222222222222,0.555295269652349,0.3704600484261501,0.0,0.25,0.5,0.1374795417348609,0.3490142844205128,0.7037037037037037,0.3333333333333333,1.0,0.25,135003.3409090909,107400,27603.0,25.7
267,0.6666666666666665,0.5082158995645467,0.0,0.0,0.5,0.3333333333333333,0.2299509001636661,0.5436768780319841,0.0222222222222222,0.3333333333333333,0.6666666666666666,0.5,198565.98863636365,171750,26816.0,15.6
268,0.5555555555555556,0.4702445078729567,0.0,0.1603472714386959,0.5,0.2499999999999999,0.2065466448445172,0.5030560164904583,0.0,0.3333333333333333,0.6666666666666666,0.5,183322.18181818182,185000,1678.0,0.8999999999999999
269,0.4444444444444445,0.5481710459207503,0.2154963680387409,0.0,0.5,0.5,0.1764320785597381,0.4605762629286678,0.5777777777777778,1.0,1.0,1.0,142385.41477272726,162900,20515.0,12.6
270,0.4444444444444445,0.4273854013921245,0.1573849878934624,0.0898299078667611,0.5,0.2499999999999999,0.1297872340425532,0.3272245951867609,0.4962962962962963,1.0,1.0,0.5,123826.375,119900,3926.0,3.3000000000000003
271,0.6666666666666665,0.5159362050149103,0.0,0.167611622962438,0.5,0.5,0.2350245499181669,0.551935871047164,0.0296296296296296,0.3333333333333333,0.6666666666666666,0.5,218564.0340909091,210000,8564.0,4.1000000000000005
272,0.6666666666666665,0.4640233194584917,0.0,0.0,0.75,0.2499999999999999,0.2029459901800327,0.4964007420338285,0.0074074074074074,0.3333333333333333,0.6666666666666666,0.5,192522.63636363635,194000,1477.0,0.8
273,0.4444444444444445,0.4061964171294319,0.0,0.1428065201984408,0.25,0.2499999999999999,0.1723404255319149,0.4345389432363853,0.362962962962963,0.3333333333333333,0.6666666666666666,1.0,138148.05681818182,145500,7352.0,5.1
274,0.4444444444444445,0.4818258318965109,0.3331719128329298,0.0,0.25,0.1666666666666666,0.0432078559738134,0.2316413149113554,0.237037037037037,1.0,1.0,0.5,115972.15909090909,115000,972.0,0.8
275,0.2222222222222222,0.4823679780232321,0.0,0.0,0.0,0.3333333333333333,0.1191489361702127,0.5160254068772274,0.5185185185185185,1.0,0.3333333333333333,1.0,115152.79545454546,76500,38653.0,50.5
276,0.3333333333333333,0.4190614813812989,0.2644067796610169,0.0,0.25,0.3333333333333333,0.0893617021276595,0.185991661010664,0.2740740740740741,1.0,1.0,1.0,87243.18181818182,75000,12243.0,16.3
277,0.4444444444444445,0.5926987997860729,0.4319612590799031,0.0,0.25,0.5833333333333334,0.1222585924713584,0.3717445964482211,0.6814814814814815,1.0,1.0,0.5,143214.20454545456,138887,4327.0,3.1
278,0.4444444444444445,0.6547410255593751,0.4677966101694915,0.0441176470588235,0.5,0.4166666666666666,0.1657937806873977,0.471162501557159,0.3111111111111111,1.0,1.0,1.0,160336.5,185000,24664.0,13.3
279,0.3333333333333333,0.3764225209003351,0.0,0.0,0.25,0.2499999999999999,0.1073649754500818,0.4026875608562719,0.5925925925925926,1.0,1.0,1.0,100479.38636363637,64500,35979.0,55.800000000000004
280,0.4444444444444445,0.6655559106145232,0.3486682808716707,0.0669737774627923,0.25,0.5,0.1178396072013093,0.4341793865792809,0.5111111111111112,1.0,0.6666666666666666,1.0,168471.02272727274,179500,11029.0,6.1
281,0.5555555555555556,0.4699640875027864,0.0,0.1172927002126151,0.5,0.3333333333333333,0.2063829787234042,0.502756029670838,0.3703703703703704,1.0,1.0,1.0,158954.54545454544,163000,4045.0,2.5
282,0.5555555555555556,0.4940896921643118,0.0,0.1105598866052445,0.5,0.3333333333333333,0.2042553191489362,0.5285650085600282,0.3259259259259259,1.0,1.0,1.0,160996.5909090909,168500,7503.0,4.5
283,0.8888888888888888,0.6055497001461858,0.0,0.2234231041814316,0.75,0.5,0.3,0.6478021855490352,0.0148148148148148,0.3333333333333333,0.6666666666666666,0.0,342365.0568181818,326000,16365.0,5.0
284,0.5555555555555556,0.7157257142549991,0.4174334140435835,0.0297661233167965,0.25,0.6666666666666666,0.1168576104746317,0.6077028967397178,0.674074074074074,1.0,0.6666666666666666,1.0,188923.18181818182,136000,52923.0,38.9
285,0.5555555555555556,0.6065044923005694,0.3094430992736077,0.0786676116229624,0.25,0.4166666666666666,0.162684124386252,0.4890044150062782,0.3851851851851852,1.0,1.0,1.0,159493.75,136900,22594.0,16.5
286,0.3333333333333333,0.3362155053427145,0.0,0.0,0.25,0.2499999999999999,0.1414075286415712,0.3596750838517542,0.2666666666666666,1.0,1.0,1.0,114249.43181818182,116050,1801.0,1.6
287,0.5555555555555556,0.4226070719402091,0.0,0.0703401842664776,0.5,0.2499999999999999,0.1805237315875613,0.4520946583992296,0.6,1.0,0.6666666666666666,1.0,131507.95454545456,110500,21008.0,19.0
288,1.0,0.6476825910583717,0.0,0.2898653437278526,0.75,0.4166666666666666,0.3400981996726678,0.6928749166722179,0.0074074074074074,0.0,0.0,0.0,433368.4772727273,385000,48368.0,12.6
289,0.4444444444444445,0.5541915237383659,0.0,0.2262579730687455,0.25,0.3333333333333333,0.2428805237315875,0.5928604707488017,0.362962962962963,1.0,1.0,1.0,162225.0,207500,45275.0,21.8
290,0.4444444444444445,0.6091642813606195,0.2716707021791767,0.1927710843373494,0.5,0.4166666666666666,0.1780687397708674,0.4801885971370772,0.8814814814814815,1.0,1.0,1.0,150468.51136363635,124900,25569.0,20.5
291,0.7777777777777777,0.6937717145361306,0.5520581113801453,0.0,0.75,0.6666666666666666,0.1932896890343699,0.4945651684117695,0.0296296296296296,0.3333333333333333,0.0,0.5,334554.0909090909,285000,49554.0,17.4
